{"Casual": 11.488106309178413, "Indie": 13.649497397234198, "Adventure": 15.992795080516984, "Action": 16.74073040421724, "Simulation": 20.80695853829996, "RPG": 20.082957222567305, "Early Access": 20.728791075050506, "Strategy": 19.15987575202784, "Racing": 16.78879615952761, "Sports": 19.845903479237204, "Animation & Modeling": 98.03218487394993, "Design & Illustration": 58.27917835671397, "Utilities": 55.986484560570325, "Audio Production": 76.17207207207191, "Video Production": 113.34525925925924, "Massively Multiplayer": 45.84754654983572, "Web Publishing": 53.67578358208943, "Game Development": 90.74289473684202, "Free to Play": 37.152178477690434, "Education": 75.33171974522277, "Violent": 18.340748299319934, "Gore": 16.45239808153477, "Sexual Content": 16.015575757575668, "Nudity": 16.94301115241627, "Software Training": 48.28575471698104, "Photo Editing": 49.405466666666534, "Accounting": 24.49}